group,mean,median,std,cv
scores_all,0.3598458975585319,0.3201129764558174,0.25442047720658617,0.7070261990834634
scores_predicted_positive,0.812661901308155,0.8352801475964613,0.11706409361474797,0.14405018055640115
