KPI,mean,median,std,cv
Turnover (rotatividade),5.785253756410202,5.971948953380336,1.2559142621476327,0.21708888063138962
Taxa de desligamento,5.343723061975884,5.118306462137058,1.9170000503185487,0.3587386599352929
Voluntário,2.6516500035273354,2.5081588404514967,0.9655035818315146,0.36411426113822015
Involuntário,2.6920730584485484,2.6270753688394493,1.1020773905013306,0.4093787079970489
